{
    "MATIC": {
        "1D": {
            "open": [1.06612, 1.08248, 1.04963, 1.04553, 1.02249, 1.05341, 1.06561, 1.0809, 1.16647, 1.08142, 1.12626, 1.15642, 1.37148, 1.32168, 1.51100, 1.44134, 1.46666, 1.41924, 1.34998, 1.33419, 1.47055, 1.54942, 1.58300, 1.62367, 1.47434],
            "close": [1.08246, 1.04943, 1.0454, 1.02249, 1.05387, 1.06598, 1.08093, 1.16618, 1.08129, 1.12629, 1.15611, 1.37115, 1.32175, 1.51075, 1.44160, 1.46666, 1.41963, 1.34948, 1.33364, 1.47056, 1.54956, 1.58324, 1.62299, 1.47371, 1.52737],
            "ema": [],
            "sma": [],
            "BB": {
                "md": [0.921, 0.924, 0.929, 0.933, 0.942, 0.955, 0.969, 0.987, 1.005, 1.027, 1.040, 1.065, 1.083, 1.111, 1.137, 1.159, 1.178, 1.195, 1.210, 1.230, 1.254, 1.280, 1.309, 1.339, 1.360, 1.383, 1.398, 1.416, 1.434, 1.449, 1.457, 1.455],
                "up": [1.138, 1.145, 1.157, 1.165, 1.178, 1.188, 1.197, 1.216, 1.204, 1.171, 1.180, 1.249, 1.290, 1.381, 1.429, 1.479, 1.512, 1.528, 1.539, 1.571, 1.614, 1.655, 1.696, 1.725, 1.727, 1.731, 1.716, 1.719, 1.697, 1.670, 1.644, 1.646],
                "dw": [0.704, 0.702, 0.701, 0.702, 0.706, 0.721, 0.741, 0.759, 0.805, 0.883, 0.900, 0.881, 0.876, 0.842, 0.844, 0.839, 0.844, 0.861, 0.881, 0.889, 0.893, 0.906, 0.923, 0.953, 0.993, 1.036, 1.080, 1.112, 1.172, 1.228, 1.271, 1.265]
            }
        }
    },
    "ETH": {
        "1D": {
            "open": [],
            "close": [],
            "ema": [],
            "sma": []
        }
    }
}